{
  "matrix": {
    "name": "heart1.mtx",
    "rows": 3557,
    "cols": 3557,
    "nnz": 1387773
  },
  "statistics90": {
    "duration_ms": 4.008,
    "FLOPs": 2775546,
    "GFLOPS": 0.692501,
    "Bandwidth_GBps": 6.93211,
    "Arithmetic_intensity": 0.0998976
  },
  "warmUp_time_ms": 7.171,
  "all_iteration_times_ms": [3.9, 4.008, 3.792, 3.845, 3.794, 3.775, 3.914, 3.695, 4.344, 3.857],
  "errors": []
}
